{
    "model": "Multiple Linear Regression",
    "coefficients": {
        "MedInc": 0.4486749096657174,
        "HouseAge": 0.00972425751790474,
        "AveRooms": -0.1233233428279591,
        "AveBedrms": 0.7831449067929731,
        "Population": -2.029620580136504e-06,
        "AveOccup": -0.0035263184871341226,
        "Latitude": -0.4197924865883591,
        "Longitude": -0.43370806496398784
    },
    "intercept": -37.02327770606418,
    "metrics": {
        "mean_squared_error": 0.5558915986952443,
        "mean_absolute_error": 0.5332001304956558,
        "r2_score": 0.5757877060324508
    }
}